Year,Industry_EE_Saving_pct,Services_EE_Saving_pct,Industry_EE_Investment_USDm,Services_EE_Investment_USDm,PV_Integration_Gain_pct,BESS_Annual_Investment_USDbn,RTS_Industry_Investment_USDm,RTS_Services_Investment_USDm,RTS_Household_Investment_USDm,RTS_GW_135,RTS_GW_95,eta_ind_A,eta_ind_B,eta_ser_A,eta_ser_B,dGA4,dGA5,dPV
2026,0,0,0,0,0,0,0,0,0,9.055,12,0,0,0,0,0,0,0
2027,0.649185109031492,0.553812902442508,0,0,0,0,711.41830020246,711.418300202473,711.418300202473,10.355,15.25,0.00326430000189483,0.0097773148016564,0.00279191417743273,0.00834543549437657,0.00165446116326154,0.00165446116326156,0.00165446116326156
2028,0.821982796804477,0.69962085900056,0,0,0,0,-10.7198256027919,-10.719825602803,-650.996295785029,12.94,18.5,0.0105682941039363,0.0188220911325188,0.00903414011383319,0.0160549369211337,0.00146408521995215,0.00146408521995215,-2.49298269832632e-05
2029,-0.791610130784304,-0.677407589529655,0,0,0,0,-3340.1870513528,-3340.18705135288,-3330.53920831036,20.905,21.75,0.0350478636527631,0.0271629302971513,0.0299065066477904,0.0231552717117038,-0.00645020016565424,-0.00645020016565443,-0.00776787686361136
2030,-5.06179482683482,-4.28090556259499,0,0,0,0,-8535.25118488869,-8535.2511848886,-5529.082838671,36.734,25,0.0842072107674707,0.0348286975489571,0.0715912336435009,0.0296731466512253,-0.0256546015092951,-0.025654601509295,-0.019849421360206
2031,-4.83213648610556,-4.14311242998915,0,0,0,0,-1432.3682041763,-1587.37239513312,6094.35367126663,40.0348,28.5,0.0891181495320729,0.0419279647796688,0.0775457720037236,0.0369499237247064,-0.0264202302052872,-0.0267807050679774,-0.00369156370961189
2032,-4.61194191004541,-4.00848581306166,0,0,0,0,-1459.73036966036,-1641.27328084456,-212.638125224763,43.3356,32,0.0933253501796844,0.0482378236535031,0.0830681780327329,0.0437658738517278,-0.0271729289746663,-0.0279195491677949,-0.00381691460661527
2033,-4.40122623116501,-3.87711884311954,0,0,0,0,-1486.5365483002,-1695.72200982469,-218.576057064583,46.6364,35.5,0.0968749344897669,0.0538036995890544,0.0881724847294423,0.0501340197415868,-0.0279126978174327,-0.0290711338087473,-0.00394353955773184
2034,-4.19994764263447,-3.74909004950035,0,0,0,0,-1512.78674009541,-1750.71858207387,-224.568773231649,49.9372,39,0.0998117011673028,0.0586702603061726,0.092872896620508,0.0560676941434793,-0.0286395367335857,-0.0302354589908351,-0.00407143856296249
2035,-4.00801375272641,-3.62446377618901,0,0,0,0,-1538.48094504652,-1806.26299759163,-230.616273725148,53.238,42.5,0.102178977677571,0.0628812121782213,0.0971837336096247,0.0615804808124463,-0.029353445723126,-0.0314125247140577,-0.00420061162230612
2036,-4.81536675078824,-4.43195411902582,0,0,0,0,-3730.31132873417,-4212.7318020437,-2587.09510421123,60.1984,46,0.113509330140465,0.0664791256892254,0.110051673941185,0.0666861573747804,-0.0350932437757766,-0.0380683229450791,-0.0097970507024272
2037,-5.55575536769823,-5.20590405667209,0,0,0,0,-3940.72285604413,-4534.7977648502,-743.339143010879,67.1588,49.5,0.123574403264355,0.06950528903873,0.122147875364399,0.0713986404119618,-0.0407483911564411,-0.0448075319641763,-0.0105460413136051
2038,-6.230081222742,-5.9453279742202,0,0,0,0,-4147.4944044587,-4860.45039154395,-779.132403178767,74.1192,53,0.132436721925284,0.0719995885284854,0.133484934273759,0.0757319330349688,-0.0463188878651196,-0.0516301517713493,-0.0113033730035906
2039,-6.83972440518263,-6.64942823474011,0,0,0,0,-4350.625973978,-5189.68968212486,-815.284329735312,81.0796,56.5,0.140160036794877,0.0740004140542445,0.144076972951656,0.0797000751737483,-0.0518047339018123,-0.0585361823665977,-0.0120690457723834
2040,-7.38648317144521,-7.31759503417091,0,0,0,0,-4550.11756460177,-5522.51563659312,-851.794922680722,88.04,60,0.146808720957346,0.0755445878055569,0.153939526781124,0.0833170967605832,-0.0572059292665189,-0.065525623749922,-0.012843059619984
2041,-8.04609519629995,-8.12937595149537,0,0,0,0,-5175.69570747455,-6357.90868947803,-1387.64461654424,95.753,63.5,0.154055071589988,0.0766673141370705,0.164755223614499,0.0865969739417818,-0.0635218379851566,-0.0737588955365066,-0.0147858341615768
2042,-8.63456045251916,-8.89888948507502,0,0,0,0,-5404.53773629664,-6754.05537684559,-1031.93755631535,103.466,67,0.16022155560224,0.0774021485058569,0.174803234743055,0.0895535884101129,-0.0697383465966332,-0.0820901115104038,-0.0157071055275479
2043,-9.15449702230191,-9.6255864714826,0,0,0,0,-5629.1055605108,-7154.41366426751,-1075.76382510651,111.179,70.5,0.165375079906415,0.0777809833597086,0.184101304398051,0.0922006899112289,-0.0758554551009484,-0.0905192716716135,-0.0166381713122501
2044,-9.60884442986225,-10.3091418538725,0,0,0,0,-5849.39918011692,-7558.98355174404,-1120.01125390326,118.892,74,0.169581931522976,0.0778340489002505,0.192668480499575,0.0945518619412906,-0.0818731634981023,-0.0990463760201359,-0.0175790315156838
2045,-10.0007931202919,-10.9494473615753,0,0,0,0,-6065.41859511521,-7967.76503927489,-1164.67984270525,126.605,77.5,0.172907316684605,0.0775899267218016,0.200524973030264,0.0966204906203838,-0.0877914717880948,-0.107671424555971,-0.0185296861378486
2046,-9.30100787966865,-10.3478789947644,0,0,0,0,-3252.59579352092,-4620.03382058812,2550.95471475927,128.818,81,0.166011004807651,0.0770755744328123,0.196887462518264,0.0984197366973076,-0.0865765008732875,-0.107648546799416,-0.0107442646990422
2047,-8.65131165845145,-9.77526639589679,0,0,0,0,-3203.9592064355,-4615.49574914562,-457.465310616296,131.031,84.5,0.159289952462487,0.0763163594928785,0.193227567817282,0.0999625106158609,-0.0853699187079018,-0.107617403163999,-0.0107337110445247
2048,-8.0482377803663,-9.23046208361762,0,0,0,0,-3155.68333557518,-4610.602244912,-456.656070680928,133.244,88,0.152743688171633,0.0753361006376868,0.189551245782122,0.10126145055094,-0.0841717252919376,-0.10757799364972,-0.0107223308021209
2049,-7.48855535732171,-8.71234546648207,0,0,0,0,-3107.76818094021,-4605.35330788717,-455.811287466369,135.457,91.5,0.146371309530422,0.074157115410611,0.185864078743214,0.102328903304466,-0.0829819206253955,-0.107530318256579,-0.0107101239718306
2050,-6.96925417480763,-8.21982425876335,0,0,0,0,-3060.21374253031,-4599.74893807127,-454.930960972833,137.67,95,0.140171535489944,0.0728002724680489,0.182171290235685,0.103176907936182,-0.0818005047082753,-0.107474376984575,-0.0106970905536541
2051,-6.833700453914,-8.43801621553581,0,0,0,0,-4126.34262209623,-6733.72595657285,-1383.86544559122,137.67,95,0.134196825898183,0.0680935878134731,0.178425139304446,0.0974165946735994,-0.0832165998702297,-0.112386767092101,-0.0128456732322218
